{"cameraMode":{"drawMode":0,"name":"Shaded","section":"Shading Mode"},"sceneLighting":false,"audioPlay":false,"sceneViewState":{"m_AlwaysRefresh":false,"showFog":true,"showSkybox":false,"showFlares":true,"showImageEffects":true,"showParticleSystems":true,"showVisualEffectGraphs":true,"m_FxEnabled":false},"in2DMode":false,"pivot":{"x":0.9062604904174805,"y":-4.737158298492432,"z":30.862913131713868},"rotation":{"x":0.1343146711587906,"y":0.09201295673847199,"z":-0.012526332400739193,"w":0.9865813255310059},"size":17.71373748779297,"orthographic":false}