{"cameraMode":{"drawMode":0,"name":"Shaded","section":"Shading Mode"},"sceneLighting":false,"audioPlay":false,"sceneViewState":{"m_AlwaysRefresh":false,"showFog":true,"showSkybox":false,"showFlares":true,"showImageEffects":true,"showParticleSystems":true,"showVisualEffectGraphs":true,"m_FxEnabled":false},"in2DMode":false,"pivot":{"x":7.553605079650879,"y":10.955251693725586,"z":103.97116088867188},"rotation":{"x":0.04494320973753929,"y":0.8799731731414795,"z":-0.08501219749450684,"w":0.4651940166950226},"size":47.754974365234378,"orthographic":false}