{"cameraMode":{"drawMode":0,"name":"Shaded","section":"Shading Mode"},"sceneLighting":false,"audioPlay":false,"sceneViewState":{"m_AlwaysRefresh":false,"showFog":true,"showSkybox":false,"showFlares":true,"showImageEffects":true,"showParticleSystems":true,"showVisualEffectGraphs":true,"m_FxEnabled":false},"in2DMode":false,"pivot":{"x":18.39106559753418,"y":0.9327807426452637,"z":22.461721420288087},"rotation":{"x":0.054480500519275668,"y":0.2142941951751709,"z":-0.011977102607488633,"w":0.9751852750778198},"size":29.4552059173584,"orthographic":false}