{"cameraMode":{"drawMode":0,"name":"Shaded","section":"Shading Mode"},"sceneLighting":false,"audioPlay":false,"sceneViewState":{"m_AlwaysRefresh":false,"showFog":true,"showSkybox":false,"showFlares":true,"showImageEffects":true,"showParticleSystems":true,"showVisualEffectGraphs":true,"m_FxEnabled":false},"in2DMode":false,"pivot":{"x":7.553605079650879,"y":10.955251693725586,"z":73.41116333007813},"rotation":{"x":-0.0930948257446289,"y":-0.04121124744415283,"z":0.0038550314493477346,"w":-0.9947992563247681},"size":47.729087829589847,"orthographic":false}