{"cameraMode":{"drawMode":0,"name":"Shaded","section":"Shading Mode"},"sceneLighting":true,"audioPlay":false,"sceneViewState":{"m_AlwaysRefresh":false,"showFog":true,"showSkybox":true,"showFlares":true,"showImageEffects":true,"showParticleSystems":true,"showVisualEffectGraphs":true,"m_FxEnabled":true},"in2DMode":false,"pivot":{"x":2.2624268531799318,"y":6.444341659545898,"z":54.293209075927737},"rotation":{"x":-0.22903087735176087,"y":0.04290208965539932,"z":-0.010133473202586174,"w":-0.9724287390708923},"size":29.689741134643556,"orthographic":false}