{"cameraMode":{"drawMode":0,"name":"Shaded","section":"Shading Mode"},"sceneLighting":false,"audioPlay":false,"sceneViewState":{"m_AlwaysRefresh":false,"showFog":true,"showSkybox":false,"showFlares":true,"showImageEffects":true,"showParticleSystems":true,"showVisualEffectGraphs":true,"m_FxEnabled":false},"in2DMode":false,"pivot":{"x":19.550128936767579,"y":-1.0882234573364258,"z":104.07512664794922},"rotation":{"x":0.15492723882198335,"y":0.2492866814136505,"z":-0.04044361785054207,"w":0.9551103711128235},"size":41.364166259765628,"orthographic":false}